{
    "loss": 0.9462157487869263,
    "accuracy": 0.7352941036224365
}